Track ID,Track Name,Album Name,Artist Name(s),Release Date,Duration (ms),Popularity,Added By,Added At,Genres,Record Label,Danceability,Energy,Key,Loudness,Mode,Speechiness,Acousticness,Instrumentalness,Liveness,Valence,Tempo,Time Signature
2K7xn816oNHJZ0aVqdQsha,"Softcore","Hard To Imagine The Neighbourhood Ever Changing","The Neighbourhood",2018-11-02,206280,84,11146410335,2024-04-29T17:28:47Z,"modern alternative rock,modern rock,pop","Columbia",0.575,0.568,9,-5.509,0,0.03,0.0484,0.000417,0.286,0.37,93.986,4
3kQfBtkQqgN1fAMfhks8TU,"Need 2","Everything So Far","Pinegrove",2015-10-15,191796,78,11146410335,2024-04-29T17:28:35Z,"countrygaze,new jersey indie,small room","Run For Cover Records",0.552,0.634,1,-8.302,0,0.0261,0.00994,0.202,0.0798,0.213,76.557,4
6QeYSvYqYUsfBzsApbjDHO,"Cigarettes out the Window","Who Really Cares","TV Girl",2016-02-25,198960,84,11146410335,2024-04-29T17:28:35Z,"pov: indie","TV Girl",0.625,0.659,0,-5.669,1,0.0337,0.12,0,0.17,0.594,113.551,4
0XgRWgcs0Pcr9PSIdFWD4N,"Clay Pigeons","True That","Michael Cera",2014-08-14,186000,69,11146410335,2024-04-29T17:28:47Z,"canadian indie folk,small room","Michael Cera",0.292,0.241,6,-17.001,1,0.0428,0.97,0.00989,0.105,0.441,172.175,4
1BeNZQORyV0jEF2toAmrsA,"Don't Move","Nightlife","Phantogram",2011,258186,56,11146410335,2024-04-29T17:29:37Z,"indietronica,metropopolis,neo-synthpop","Barsuk Records",0.56,0.64,5,-5.209,0,0.0318,0.0000732,0.00699,0.201,0.474,99.989,4
78Gzxi27GuNHTfkn2BylG4,"What Ever Happened?","Room On Fire","The Strokes",2003-10-28,169506,59,11146410335,2024-04-29T17:30:13Z,"alternative rock,garage rock,modern rock,permanent wave,rock","RCA Records Label",0.547,0.596,11,-6.044,1,0.0339,0.0000802,0.739,0.273,0.584,116.17,4
7BSadtswKNAyWfiuHZNeih,"The Fool","In the Aeroplane Over the Sea","Neutral Milk Hotel",1998-02-20,113146,48,11146410335,2024-04-29T17:30:13Z,"alternative rock,chamber pop,elephant 6,indie rock,lo-fi,noise pop,slacker rock","Merge Records",0.283,0.683,2,-4.907,0,0.0303,0.0557,0.846,0.529,0.308,109.766,3
2pqoh1jUQoppztoQRRGyKK,"Punk Rock Loser","Cave World","Viagra Boys",2022-07-08,237980,52,11146410335,2024-04-29T17:30:13Z,"crank wave,stockholm indie","YEAR0001",0.693,0.84,7,-4.222,1,0.0563,0.104,0.0115,0.145,0.91,118.039,4
3znapZvsInnCVsDERDUaM5,"Some Girls Are Bigger Than Others - 2011 Remaster","The Queen Is Dead","The Smiths",1986-06-16,197800,58,11146410335,2024-04-29T17:30:13Z,"madchester,new wave,permanent wave,rock,uk post-punk","WM UK",0.525,0.927,1,-9.561,0,0.0547,0.0025,0.000799,0.216,0.308,161.798,4
6IM45SqAURH6PrvziDs1RQ,"Why Won't They Talk To Me?","Lonerism","Tame Impala",2012-01-01,286093,53,11146410335,2024-04-29T17:30:13Z,"australian psych,modern rock,neo-psychedelic,rock","Modular",0.516,0.871,7,-5.21,1,0.0503,0.553,0.0282,0.0841,0.17,129.946,4
2a2MbiJN2skOxohykOVcss,"Solitude Is Bliss","InnerSpeaker","Tame Impala",2010-05-21,235866,54,11146410335,2024-04-29T17:30:13Z,"australian psych,modern rock,neo-psychedelic,rock","Universal Music Australia Pty. Ltd.",0.588,0.849,4,-5.027,0,0.0596,0.00811,0.000161,0.131,0.629,104.012,4
5cIWkWH6xVdEllQ9ksuu2E,"Sun","Beacon","Two Door Cinema Club",2012-09-03,187720,58,11146410335,2024-04-29T17:30:13Z,"indie rock,indietronica,irish rock,modern alternative rock,modern rock,northern irish indie","Kitsune",0.647,0.533,4,-5.464,0,0.0281,0.0112,0.000277,0.106,0.639,96.981,4
0UV5zxRMz6AO4ZwUOZNIKI,"Where'd All the Time Go?","Shame, Shame (Deluxe Edition)","Dr. Dog",2010-11-02,234800,77,11146410335,2024-04-29T17:30:36Z,"chamber pop,indie rock,modern folk rock,philly indie,pov: indie,seattle indie,stomp and holler","Anti/Epitaph",0.454,0.82,2,-4.193,1,0.0567,0.132,0.000969,0.115,0.575,166.303,4
0AIpGG5dxEgnAymhdJRSZ0,"Champagne Coast","Coastal Grooves","Blood Orange",2011-08-08,292373,72,11146410335,2024-04-29T17:30:36Z,"alternative r&b,art pop,escape room,indie soul,indietronica,metropopolis","Domino Recording Co",0.813,0.406,9,-12.626,1,0.0662,0.0203,0.392,0.0757,0.755,122.658,4
3Q6VfeIZ1bTjWiNe2Or4LQ,"Spud Infinity","Dragon New Warm Mountain I Believe In You","Big Thief",2022-02-11,334802,45,11146410335,2024-04-29T17:30:36Z,"art pop,brooklyn indie,chamber pop,countrygaze,indie pop,indie rock,pov: indie,small room","4AD",0.562,0.633,10,-6.228,1,0.0331,0.157,0.000419,0.16,0.562,132.122,4
5ClxASTE4QhsysP7qSwHIp,"Bordal","Szépek voltak egyszer","egy5egy,Szaffi",2022-10-17,238229,22,11146410335,2024-04-29T17:30:43Z,"hungarian rock","egy5egy",0.642,0.483,1,-5.194,0,0.0284,0.13,0,0.276,0.297,123.016,4
260Ub1Yuj4CobdISTOBvM9,"Wet Dream","Wet Leg","Wet Leg",2022-04-08,140080,65,11146410335,2024-04-29T17:31:03Z,"crank wave,indie rock","Domino Recording Co",0.721,0.701,2,-5.941,1,0.0306,0.000927,0.026,0.234,0.892,130.091,3
2nPrLkzfe6AIJnmOUTg4wh,"You're Not with Me","Intermission","No Vacation",2017-11-17,226560,51,11146410335,2024-04-29T17:31:03Z,"chill dream pop,indie garage rock,indie pop,indie surf","Topshelf Records",0.496,0.648,6,-8.207,1,0.0306,0.404,0.154,0.32,0.126,119.872,4
37pKTyMwalomKCZjxTc2QZ,"Cherry-coloured Funk","Heaven or Las Vegas","Cocteau Twins",1990-09-17,192466,66,11146410335,2024-04-29T17:31:03Z,"alternative rock,art pop,dream pop,ethereal wave,melancholia,new wave,scottish indie,scottish shoegaze,shoegaze,synthpop","4AD",0.49,0.652,2,-5.813,1,0.0274,0.00196,0.0000624,0.0991,0.339,90.085,4
0oxYB9GoOIDrdzniNdKC44,"When the Sun Hits","Souvlaki","Slowdive",1993,285906,71,11146410335,2024-04-29T17:31:03Z,"alternative rock,dream pop,reading indie,shoegaze","Creation Records",0.33,0.532,2,-11.764,1,0.0263,0.00101,0.709,0.101,0.218,93.512,4
2rtGaCAeYtmcIvuZsvgTf6,"How to Disappear Completely","Kid A","Radiohead",2000-10-02,356333,67,11146410335,2024-04-29T17:31:03Z,"alternative rock,art rock,melancholia,oxford indie,permanent wave,rock","XL Recordings",0.167,0.302,6,-11.644,0,0.0345,0.316,0.797,0.11,0.19,102.026,4
1FvDJ9KGxcqwv1utyPL3JZ,"This Charming Man - 2011 Remaster","The Smiths","The Smiths",1984-02-20,162920,76,11146410335,2024-04-29T17:31:03Z,"madchester,new wave,permanent wave,rock,uk post-punk","WM UK",0.611,0.846,11,-5.9,1,0.0436,0.00509,0,0.0784,0.751,103.912,4
4Sd5tbNP4q8wS64abqwfkN,"Thinking of a Place","A Deeper Understanding","The War On Drugs",2017-08-25,670666,56,11146410335,2024-04-29T17:31:26Z,"chamber pop,indie rock,modern rock,philly indie","Atlantic Records",0.481,0.632,11,-7.117,1,0.0333,0.385,0.0817,0.116,0.156,103.323,4
5qJqzpNdEbt92roedFwoDR,"Left Hand Free","This Is All Yours","alt-J",2014-09-22,173630,71,11146410335,2024-04-29T17:31:26Z,"indie rock,indietronica,modern alternative rock,modern rock,rock,shimmer pop","Infectious Music",0.697,0.874,3,-4.473,1,0.0496,0.449,0.0144,0.0825,0.81,101.987,4
3NRql0A1Ef4RCvT473iqgD,"Hell N Back","Hell N Back","Bakar",2019-08-15,213573,71,11146410335,2024-04-29T17:31:51Z,"uk alternative hip hop","Black Butter",0.633,0.684,10,-4.314,0,0.591,0.314,0.0000895,0.112,0.725,209.688,4
5773KSWFzg9kCc8yazjbSt,"Deceptacon","Le Tigre","Le Tigre",1999-10-26,184626,66,11146410335,2024-04-29T17:32:01Z,"dance-punk,queercore,riot grrrl","Mr. Lady Records, Le Tigre Records",0.603,0.864,4,-3.341,0,0.0668,0.055,0.00493,0.0986,0.616,160.488,4
6SZwj6cjc8JQbkrr8cbIUn,"Oh Klahoma","Pop Food","Jack Stauber",2017-03-25,185223,67,11146410335,2024-04-29T17:32:32Z,"hypnagogic pop,pittsburgh indie,pov: indie","Plopscotch Records",0.697,0.401,7,-10.216,1,0.0543,0.43,0.0109,0.316,0.478,108.996,4
6Uo4bbukTZ0Yi31mniKfXR,"LIFE'S A BIT","STUFF FROM MY BRAIN","NOAHFINNCE",2021-09-10,150733,46,11146410335,2024-04-29T17:32:35Z,"pov: indie","Hopeless Records",0.583,0.932,5,-4.182,1,0.0919,0.00237,0.00000613,0.684,0.661,119.88,4
0GO8y8jQk1PkHzS31d699N,"Tongue Tied","Never Trust a Happy Song","GROUPLOVE",2011-09-02,218013,75,11146410335,2024-04-29T17:33:11Z,"indie rock,la indie,modern alternative rock,modern rock,pov: indie","Canvasback/ATL",0.56,0.936,3,-5.835,1,0.0439,0.00847,0,0.161,0.371,112.96,4
68EkhVWIeULhHxcbi1QhzK,"World's Smallest Violin","OK ORCHESTRA","AJR",2021-03-26,180746,65,11146410335,2024-04-29T17:33:11Z,"pov: indie","Black Butter",0.68,0.697,5,-7.01,1,0.0484,0.121,0,0.661,0.684,116.033,4
36TbBJ7mLPOZMAYs0p4mxb,"Mary","Trick","Alex G",2012-11-05,197733,70,11146410335,2024-04-29T17:33:11Z,"philly indie,pov: indie,slacker rock","Lucky Number",0.693,0.467,4,-9.558,0,0.043,0.0497,0.452,0.107,0.402,105.955,4
1Y2583xYzwiEXDetAB7H1Q,"Sex with a Ghost","Sock-Footed","Teddy Hyde",2018-04-02,240229,62,11146410335,2024-04-29T17:33:11Z,"modern indie pop,pov: indie","Teddy Hyde and Many Hats Distribution",0.48,0.329,11,-12.487,0,0.0329,0.874,0.00165,0.244,0.385,80.375,4
2tEKHGZKH3L8Gt1gvp7U15,"Hand Me My Shovel, I'm Going In! - 2020 Remastered Version","SELF-iSH (2020 Remastered Version)","Will Wood and the Tapeworms",2020-12-25,351095,4,11146410335,2024-04-29T17:33:11Z,"new jersey indie,pov: indie","Will Wood LLC",0.335,0.932,4,-3.997,0,0.0883,0.477,0.000151,0.298,0.294,124.95,4
6XrTwqp0vMc2Z3m4ttoyRe,"Michelle","Party Favors","Sir Chloe",2020-10-23,214087,68,11146410335,2024-04-29T17:33:11Z,"indie pop,pov: indie","Terrible Records",0.366,0.439,4,-5.238,1,0.0298,0.0781,0.0000192,0.108,0.11,115.94,3
0vf2eBw2inhl8y61cYQMv2,"Devil Town","Cavetown","Cavetown",2015-11-09,179955,71,11146410335,2024-04-29T17:33:11Z,"bedroom pop,indie pop,pov: indie","Oat Milk Industries and Many Hats Endeavors",0.576,0.759,3,-8.165,1,0.0599,0.12,0,0.121,0.501,99.969,4
37mfTcSlX60JtAvAETytGs,"Choke","Choke","I DONT KNOW HOW BUT THEY FOUND ME",2018-08-24,195717,65,11146410335,2024-04-29T17:33:11Z,"alt z,pov: indie","Fearless Records",0.516,0.85,4,-3.909,0,0.0706,0.00139,0,0.296,0.583,120.324,4
269XSeQhDrWEotMALJaACW,"Amour plastique","Euphories","Videoclub,Adèle Castillon,Mattyeux",2021-01-29,225040,70,11146410335,2024-04-29T17:33:11Z,"french indie pop,french synthpop","Petit Lion Productions",0.702,0.518,6,-7.609,0,0.0297,0.66,0.0000347,0.117,0.234,119.992,4
3sslYZcFKtUvIEWN9lADgr,"First Love/Late Spring","Bury Me At Makeout Creek","Mitski",2014-11-11,278640,75,11146410335,2024-04-29T17:33:15Z,"brooklyn indie,pov: indie","Dead Oceans",0.445,0.543,0,-8.196,1,0.0272,0.000825,0.0137,0.202,0.102,99.963,4
7FAFkQQZFeNwOFzTrSDFIh,"The Spins","K.I.D.S. (Deluxe)","Mac Miller,Empire Of The Sun",2010-08-13,195873,81,11146410335,2024-04-29T17:33:22Z,"hip hop,pittsburgh rap,rap,australian dance,australian electropop,dance rock,indietronica,neo-synthpop","Rostrum Records",0.794,0.766,9,-3.894,0,0.0377,0.0135,0,0.0785,0.55,127.006,4
2mlGPkAx4kwF8Df0GlScsC,"Buttercup","Pop Food","Jack Stauber",2017-03-25,208026,64,11146410335,2024-04-29T17:33:26Z,"hypnagogic pop,pittsburgh indie,pov: indie","Plopscotch Records",0.705,0.373,7,-9.066,1,0.0384,0.723,0.81,0.289,0.551,120.046,4
0HBrtXJohbIW4IhPZ50GmH,"The Bidding","Marvin's Marvelous Mechanical Museum","Tally Hall",2005-10-24,160613,67,11146410335,2024-04-29T17:33:46Z,"ann arbor indie,pov: indie","Tally Hall",0.538,0.607,9,-5.261,0,0.216,0.248,0.00000554,0.0999,0.515,175.424,4
2kS6td1yvmpNgZTt1q5pQq,"Hayloft","O My Heart","Mother Mother",2008-09-23,181680,21,11146410335,2024-04-29T17:33:46Z,"canadian indie rock,pov: indie,vancouver indie","Last Gang",0.527,0.922,9,-2.666,0,0.0728,0.00475,0.000162,0.422,0.49,95.975,4
57RA3JGafJm5zRtKJiKPIm,"Are You Bored Yet? (feat. Clairo)","Nothing Happens","Wallows,Clairo",2019-03-22,178000,79,11146410335,2024-04-29T17:33:46Z,"pov: indie,bedroom pop,indie pop","Atlantic Records",0.682,0.683,8,-6.444,0,0.0287,0.156,0.0000232,0.273,0.64,120.023,4
1NoxZc2x2Y7eX1U5wHj6hr,"Asking To Break","Playing Robots Into Heaven","James Blake",2023-09-08,172844,41,11146410335,2024-04-29T17:34:07Z,"art pop,indie soul,indietronica,uk alternative pop","Republic Records / Polydor Records",0.569,0.566,4,-10.456,0,0.0276,0.698,0.783,0.107,0.142,138.046,4
5d7NvMz2SgyEkvRow7us99,"Lovefool","Amo XO","No Vacation",2015-04-06,130961,53,11146410335,2024-04-29T17:34:32Z,"chill dream pop,indie garage rock,indie pop,indie surf","No Vacation",0.819,0.687,2,-5.967,0,0.0363,0.0549,0.0573,0.0799,0.961,104.019,4
1SvIUtl5QuOTJhKNVikt6m,"L.E.S Artistes","Santigold","Santigold",2008-05-12,206933,51,11146410335,2024-04-29T17:34:32Z,"alternative dance,art pop,indietronica,neo-synthpop","Lizard King Records",0.862,0.797,4,-2.006,1,0.0339,0.0339,0.00000403,0.0841,0.775,117.993,4
2CBtdZVcpSwaxOcLUi1AGo,"Care For You","Care For You","The Marías",2020-10-16,156026,61,11146410335,2024-04-29T17:34:32Z,"bedroom pop,la indie","Superclean Records",0.879,0.413,1,-9.161,0,0.0575,0.816,0.221,0.318,0.869,109.988,4
1mXE3amJxqLBPBUBYQi55e,"Break for Lovers","Headroom","Men I Trust,Helena",2015-06-30,183673,1,11146410335,2024-04-29T17:34:32Z,"indie pop,pov: indie,super eurobeat","Men I Trust",0.858,0.326,11,-11.496,0,0.0784,0.0277,0.0614,0.0798,0.813,97.994,4
3WOZcIibmurJult4Z7Wfce,"Spin Me Around","CINEMA","The Marías",2021-06-25,146973,56,11146410335,2024-04-29T17:34:32Z,"bedroom pop,la indie","Nice Life/Atlantic",0.582,0.342,1,-12.249,0,0.0391,0.442,0.34,0.103,0.327,76.475,4
51EMSRpNm9Rg5rGViVCczv,"Andromeda","Titanic Rising","Weyes Blood",2019-04-05,280186,66,11146410335,2024-04-29T17:34:32Z,"art pop,chamber pop,dream pop,experimental folk,experimental pop,indie pop","Sub Pop Records",0.467,0.461,1,-7.94,0,0.0274,0.368,0.00115,0.358,0.188,131.325,4
4sf4Lq52b2iCoAgpge7a9g,"Ca Plane Pour Moi","Plastic Bertrand","Plastic Bertrand",1998,182133,63,11146410335,2024-04-29T17:34:39Z,"classic belgian pop","[PIAS] AMC",0.421,0.943,10,-4.365,1,0.0951,0.0741,0.0000668,0.105,0.845,165.77,4
4vsoWZcvtvSsE0OiVvDDvX,"Harness Your Hopes - B-side","Brighten the Corners: Nicene Creedence Ed.","Pavement",2008-12-09,206946,69,11146410335,2024-04-29T17:34:47Z,"alternative rock,chamber pop,indie rock,lo-fi,shoegaze,slacker rock","Matador",0.604,0.573,2,-7.804,1,0.037,0.289,0.0406,0.133,0.581,107.862,4
0AB6aQRU0BKy1hCuttL8si,"Come As You Are","Rockin' All Over The World Vol. 2","The Dillingers",2020-06-02,232653,2,11146410335,2024-04-29T17:34:47Z,"","Hohenheim Publishing",0.504,0.614,4,-11.583,0,0.0291,0.00176,0.00717,0.125,0.651,114.656,4
4SgcE7RxpK3ydWrjoAQH1K,"Why Won't You Make Up Your Mind?","InnerSpeaker","Tame Impala",2010-05-21,199093,53,11146410335,2024-04-29T17:35:08Z,"australian psych,modern rock,neo-psychedelic,rock","Universal Music Australia Pty. Ltd.",0.458,0.84,5,-4.812,1,0.0566,0.00747,0.204,0.23,0.543,129.03,4
33X9miK4Xz7pNeVrc9RITG,"Ready to Start","The Suburbs (Deluxe)","Arcade Fire",2010-07-01,255906,55,11146410335,2024-04-29T17:35:08Z,"alternative rock,baroque pop,canadian indie,canadian indie rock,chamber pop,indie rock,indietronica,modern rock,permanent wave,quebec indie,rock","Sony Music CG",0.277,0.934,9,-4.672,1,0.0382,0.117,0.0242,0.0692,0.519,188.797,4
0Molxw6WdYhOifas6NiQL2,"I Hope to Be Around","I Hope to Be Around","Men I Trust",2017-11-10,205554,0,11146410335,2024-04-29T17:35:08Z,"indie pop,pov: indie","Men I Trust",0.821,0.383,11,-9.355,1,0.0387,0.78,0.00171,0.11,0.788,87.954,4
6ZjixnUBQm2O4RzEJMmhdb,"Reaper","Intermission","No Vacation",2017-11-17,162480,55,11146410335,2024-04-29T17:35:08Z,"chill dream pop,indie garage rock,indie pop,indie surf","Topshelf Records",0.488,0.613,9,-7.837,1,0.0272,0.506,0.683,0.11,0.248,124.456,4
4WYVA9t70fpESE1mychdZL,"Mistakes","We've Been Going About This All Wrong","Sharon Van Etten",2022-05-06,239146,42,11146410335,2024-04-29T17:35:08Z,"art pop,chamber pop,indie rock,melancholia,new jersey indie,singer-songwriter","Jagjaguwar",0.571,0.775,6,-7.83,1,0.0273,0.00278,0.59,0.182,0.515,99.902,4
2aq3xWbTmHt8fJhrLiYnMb,"I'll Haunt You","Swimmer","Tennis",2020-02-14,152392,34,11146410335,2024-04-29T17:35:56Z,"art pop,chamber pop,chillwave,denver indie,indie pop,indie rock,indie surf,shimmer pop","Mutually Detrimental",0.486,0.268,4,-11.122,1,0.0333,0.735,0.0008,0.123,0.134,72.47,4
4m0dj1HxXzFlnIqPkomXQB,"Found Me","Oncle Jazz","Men I Trust",2019-09-13,211961,48,11146410335,2024-04-29T17:35:56Z,"indie pop,pov: indie","Independent",0.682,0.604,1,-12.955,1,0.0463,0.566,0.907,0.135,0.796,109.014,4
42LY6qYxu3L6nJ7Dt72gNy,"I hope that you think of me","Hard Times / Bad Trips","Pity Party (Girls Club),Lucys",2022-01-02,128000,69,11146410335,2024-04-29T17:35:56Z,"bedroom pop","PPGC, under exclusive license to Amuseio AB",0.845,0.455,3,-9.857,1,0.045,0.0625,0.0000641,0.108,0.65,105,4
3jjsRKEsF42ccXf8kWR3nu,"Washing Machine Heart","Be the Cowboy","Mitski",2018-08-17,128198,81,11146410335,2024-04-29T17:36:26Z,"brooklyn indie,pov: indie","Dead Oceans",0.613,0.822,9,-4.087,1,0.026,0.0092,0.506,0.429,0.567,105.997,4
4riDfclV7kPDT9D58FpmHd,"Some","Some","Steve Lacy",2016-10-31,118393,79,11146410335,2024-04-29T17:36:26Z,"afrofuturism","L-M Records",0.784,0.554,7,-6.417,1,0.03,0.00548,0.254,0.0995,0.634,104.01,4
1RRBuxXdsIB0yazqGDlKTj,"Baby Blue","6 Feet Beneath the Moon","King Krule",2013-08-24,215506,49,11146410335,2024-04-29T17:36:26Z,"uk alternative pop","XL Recordings",0.461,0.331,3,-11.03,1,0.0359,0.613,0.00104,0.129,0.0899,102.488,4
6cmt9CRoK0KGcNg9Tpje53,"Riot!","Some Rap Songs","Earl Sweatshirt",2018-11-30,66133,59,11146410335,2024-04-29T17:37:05Z,"alternative hip hop,drumless hip hop,experimental hip hop,hip hop,rap,underground hip hop","Tan Cressida/Columbia",0.489,0.624,4,-1.916,0,0.0344,0.834,0.347,0.325,0.574,167.108,4
04CwADpo37TwnwqQLskoo5,"Border Line","6 Feet Beneath the Moon","King Krule",2013-08-24,185853,46,11146410335,2024-04-29T17:37:10Z,"uk alternative pop","XL Recordings",0.642,0.549,11,-8.303,0,0.0996,0.522,0.000116,0.0764,0.35,99.906,4
4WI0iKq8iHKZMQw0ZxH652,"Disco Dangerous","Slugs of Love","Little Dragon",2023-07-07,166125,33,11146410335,2024-04-29T17:37:31Z,"art pop,chillwave,downtempo,electronica,gothenburg indie,indie soul,indietronica,neo-synthpop,swedish electropop,swedish synthpop,trip hop","Ninja Tune",0.778,0.362,0,-8.717,1,0.0572,0.0867,0.0401,0.0771,0.333,118.012,4
32PKkiwexuMNEDqfH1p3IH,"You Ain't No Celebrity","Volcano","Jungle,Roots Manuva",2023-08-11,153508,51,11146410335,2024-04-29T17:37:31Z,"indie soul,uk contemporary r&b,trip hop,uk hip hop","Caiola Records",0.81,0.551,2,-7.312,1,0.0677,0.0724,0.000405,0.35,0.463,104.045,4
19kHhX6f6EfLU7rcO3RqjO,"Back On 74","Volcano","Jungle",2023-08-11,209482,78,11146410335,2024-04-29T17:37:31Z,"indie soul,uk contemporary r&b","Caiola Records",0.62,0.761,10,-7.282,0,0.175,0.207,0.000147,0.269,0.194,146.003,4
2IqjKEBiz0CdLKdkXhxw84,"Retrograde","Overgrown","James Blake",2013-04-08,223600,60,11146410335,2024-04-29T17:37:31Z,"art pop,indie soul,indietronica,uk alternative pop","Polydor Records",0.533,0.251,7,-11.283,0,0.0372,0.873,0.104,0.134,0.186,77.503,4
4jaxbEGk3Jgu45VdK8FOkS,"Big Hammer","Playing Robots Into Heaven","James Blake",2023-09-08,240742,31,11146410335,2024-04-29T17:37:31Z,"art pop,indie soul,indietronica,uk alternative pop","Republic Records / Polydor Records",0.938,0.546,1,-9.106,1,0.309,0.326,0.178,0.0798,0.208,139.982,4
0GQW2gDyxgT5IsNEM4osbJ,"Loading","Playing Robots Into Heaven","James Blake",2023-09-08,284551,42,11146410335,2024-04-29T17:37:31Z,"art pop,indie soul,indietronica,uk alternative pop","Republic Records / Polydor Records",0.683,0.544,1,-8.614,0,0.0357,0.0881,0.129,0.1,0.0734,131.993,4
5Qnrgqy1pAm9GyNQOgyVFz,"Fourth of July","Carrie & Lowell","Sufjan Stevens",2015-03-31,279316,77,11146410335,2024-04-29T17:37:48Z,"art pop,baroque pop,chamber pop,indie pop,indie rock,singer-songwriter","Asthmatic Kitty",0.435,0.104,6,-22.39,0,0.0445,0.973,0.33,0.119,0.162,120.484,4
10nyNJ6zNy2YVYLrcwLccB,"No Surprises","OK Computer","Radiohead",1997-05-28,229120,81,11146410335,2024-04-29T17:37:48Z,"alternative rock,art rock,melancholia,oxford indie,permanent wave,rock","XL Recordings",0.255,0.393,5,-10.654,1,0.0278,0.0577,0.00361,0.113,0.118,76.426,4
4RkQzVNxEt6JwOXCWolXsr,"I'm a Kid","Melt Away","Jadu Heart",2019-08-16,206500,59,11146410335,2024-04-29T17:38:07Z,"indie soul,vapor soul","VLF Records",0.657,0.606,10,-7.238,0,0.0294,0.000847,0.000198,0.122,0.837,120.037,4
3PphHkiVdhRaO1EWH6ZWqZ,"Yards / Gardens","Look at it in the Light","Kate Bollinger",2022-04-22,141743,57,11146410335,2024-04-29T17:39:05Z,"charlottesville indie,indie pop","Ghostly International",0.8,0.544,10,-7.52,1,0.032,0.268,0.617,0.11,0.745,107.984,4
6qopJBPesEVIrIT0qMtbNs,"Heavy Bend","Dragon New Warm Mountain I Believe In You","Big Thief",2022-02-11,96553,47,11146410335,2024-04-29T17:39:05Z,"art pop,brooklyn indie,chamber pop,countrygaze,indie pop,indie rock,pov: indie,small room","4AD",0.682,0.345,1,-9.403,1,0.074,0.863,0.00000334,0.1,0.485,133.263,4
3vkCueOmm7xQDoJ17W1Pm3,"My Love Mine All Mine","The Land Is Inhospitable and So Are We","Mitski",2023-09-15,137773,87,11146410335,2024-04-29T17:39:05Z,"brooklyn indie,pov: indie","Dead Oceans",0.504,0.308,9,-14.958,1,0.0321,0.868,0.135,0.158,0.121,113.95,4
1h44AOekmUQtwtSpMZ9S2t,"The Fear of Losing This","If Blue Could Be Happiness","Florist",2017-09-29,233062,50,11146410335,2024-04-29T17:39:05Z,"countrygaze,small room","Double Double Whammy",0.378,0.124,0,-20.639,1,0.04,0.909,0.883,0.115,0.159,123.028,3
6hUTzxvNiJ1c0lYqgoOTBW,"Motel 6","Kindness, A Rebel","River Whyless",2018-06-08,195126,65,11146410335,2024-04-29T17:39:05Z,"asheville indie,folk-pop,indie folk,new americana,north carolina roots,stomp and flutter,stomp and holler","Roll Call Records",0.493,0.444,4,-8.951,1,0.0333,0.299,0.00101,0.0995,0.13,168.127,3
3vy3ld7my2hDUTv4u7KIJR,"Mother Nature's Bitch","Watch This Liquid Pour Itself","Okay Kaya",2020-01-24,93737,55,11146410335,2024-04-29T17:39:05Z,"art pop","Jagjaguwar",0.729,0.588,5,-10.167,0,0.0339,0.176,0.582,0.216,0.749,126.023,4
15z5xDY6UAjEiWoMXhTK3Q,"Death of the Phone Call","Huli Ka","Whatever, Dad",2017-07-26,95000,62,11146410335,2024-04-29T17:39:05Z,"lo-fi indie,small room","Lauren Records",0.355,0.0817,9,-17.462,1,0.0443,0.982,0.0017,0.102,0.108,148.672,4
41JuXOUMN95aHzs1d7wdLl,"Storm In A Teacup","Renaissance","BOP,Subwave,Isaac Howlett",2022-11-11,268052,27,11146410335,2024-04-29T17:39:05Z,"drumfunk,liquid funk,minimal dnb,russian dnb","Hospital Records",0.645,0.886,7,-6.688,1,0.0682,0.00318,0.00738,0.14,0.397,159.978,4
69BSm4vFLLo4L8nUulybMc,"at least i'm pretty","at least i'm pretty","Harriette",2021-04-19,106800,51,11146410335,2024-04-29T17:39:11Z,"","Harriette",0.86,0.422,1,-9.785,1,0.0296,0.541,0.00449,0.139,0.523,99.958,4
77RNVzAVwqWiZrZuWqMV2i,"Nancy From Now On","Fear Fun","Father John Misty",2012-05-01,234160,62,11146410335,2024-04-29T17:39:24Z,"art pop,chamber pop,indie rock,singer-songwriter,stomp and holler","Sub Pop Records",0.535,0.646,0,-9.168,1,0.0278,0.526,0.0406,0.0908,0.501,107.078,4
2MYidPOz5NHAtKUySTzbwx,"Paul","Masterpiece","Big Thief",2016-05-27,183894,55,11146410335,2024-04-29T17:39:24Z,"art pop,brooklyn indie,chamber pop,countrygaze,indie pop,indie rock,pov: indie,small room","4AD",0.477,0.264,11,-11.536,1,0.0399,0.215,0.000321,0.108,0.171,123.458,4
21iSFtrC2VHP3PfImVTglV,"Everybody Wants to Love You","Psychopomp","Japanese Breakfast",2016-04-01,132631,44,11146410335,2024-04-29T17:39:24Z,"art pop,eugene indie,indie pop,indie rock,philly indie","Dead Oceans",0.485,0.877,7,-3.263,1,0.0348,0.406,0.156,0.284,0.682,129.898,4
5JuYLzlxsSewBjO4v9a04U,"Jesus, Etc. - 2022 Remaster","Yankee Hotel Foxtrot (2022 Remaster)","Wilco",2002,231706,44,11146410335,2024-04-29T17:39:32Z,"alternative country,alternative rock,chicago indie,folk,indie rock,roots rock,stomp and holler","Nonesuch",0.754,0.306,5,-13.322,1,0.0292,0.721,0.0118,0.254,0.664,109.389,4
4Zts9erRexAxILn5XjSwUN,"Futile Devices","The Age of Adz","Sufjan Stevens",2010-10-12,133266,58,11146410335,2024-04-29T17:39:45Z,"art pop,baroque pop,chamber pop,indie pop,indie rock,singer-songwriter","Asthmatic Kitty",0.581,0.286,4,-18.645,1,0.0339,0.993,0.908,0.0896,0.369,140.188,4
5jyj2XKWILHQxDoz59ddCT,"Billie Toppy","Billie Toppy","Men I Trust",2022-09-28,195289,57,11146410335,2024-04-29T17:39:45Z,"indie pop,pov: indie","Independent",0.676,0.685,7,-11.396,1,0.0616,0.547,0.817,0.107,0.621,168.996,4
4NgherJDfCXWBZBYheM4jK,"WASTE","DISORDER","KXLLSWXTCH",2021-10-29,120428,75,11146410335,2024-04-29T17:39:52Z,"dark trap,oc rap,scream rap","KILL! / EMPIRE",0.627,0.123,7,-14.411,1,0.0316,0.859,0.00105,0.149,0.11,131.883,4
7d23MhPFE9eB3U8DPRirnL,"Disparate Youth","Master of My Make-Believe","Santigold",2012-04-16,284400,58,11146410335,2024-04-29T17:40:20Z,"alternative dance,art pop,indietronica,neo-synthpop","Atlantic Records UK",0.642,0.931,1,-4.142,1,0.0417,0.0131,0.825,0.215,0.548,152.005,4
4k6Uh1HXdhtusDW5y8Gbvy,"Bad Habit","Gemini Rights","Steve Lacy",2022-07-15,232066,81,11146410335,2024-04-29T17:40:20Z,"afrofuturism","L-M Records/RCA Records",0.686,0.494,1,-7.093,1,0.0355,0.613,0.000058,0.402,0.7,168.946,4
2DoO0sn4SbUrz7Uay9ACTM,"Tailwhip","Tailwhip","Men I Trust",2017-08-18,225263,25,11146410335,2024-04-29T17:40:20Z,"indie pop,pov: indie","Men i Trust",0.8,0.655,9,-8.877,0,0.0416,0.415,0.0074,0.0961,0.598,114.004,4
6AAYNz8jXvVlgG9IpYi42Z,"Hunnybee","Sex & Food","Unknown Mortal Orchestra",2018-04-06,268333,57,11146410335,2024-04-29T17:40:20Z,"art pop,indie rock,indie soul,indietronica,kiwi rock,neo-psychedelic,portland hip hop,psychedelic pop","Jagjaguwar",0.956,0.377,6,-7.965,1,0.0804,0.566,0.414,0.313,0.566,119.993,4
2FwDApgXk91kXvqy2oB7dz,"Simulation Swarm","Dragon New Warm Mountain I Believe In You","Big Thief",2022-02-11,252733,66,11146410335,2024-04-29T17:40:20Z,"art pop,brooklyn indie,chamber pop,countrygaze,indie pop,indie rock,pov: indie,small room","4AD",0.703,0.578,1,-9.103,1,0.0728,0.446,0.0024,0.102,0.67,105.204,4
6UFivO2zqqPFPoQYsEMuCc,"Bags","Immunity","Clairo",2019-08-02,260519,77,11146410335,2024-04-29T17:40:28Z,"bedroom pop,indie pop,pov: indie","FADER Label",0.742,0.546,1,-7.694,1,0.0315,0.172,0.38,0.115,0.868,104.996,4
3zksbXteOCeSusJ5Xltr3t,"Bubble Gum","Bubble Gum","Clairo",2019-02-22,175960,75,11146410335,2024-04-29T17:40:28Z,"bedroom pop,indie pop,pov: indie","Independent",0.509,0.0167,9,-24.639,1,0.115,0.979,0.0000272,0.387,0.229,207.97,3
3IznIgmXtrUaoPWpQTy5jB,"Not Allowed","Who Really Cares","TV Girl",2016-02-25,167864,83,11146410335,2024-04-29T17:40:28Z,"pov: indie","TV Girl",0.67,0.905,1,-6.855,1,0.129,0.669,0.000227,0.349,0.563,104.965,4
6dBUzqjtbnIa1TwYbyw5CM,"Lovers Rock","French Exit","TV Girl",2014-06-05,213920,85,11146410335,2024-04-29T17:40:28Z,"pov: indie","TV Girl",0.559,0.871,5,-5.338,0,0.0397,0.00000753,0.00545,0.096,0.572,104.97,4
5KZ4DC772dYcRBAizx0yYk,"Caribbean Blue - 2009 Remaster","Shepherd Moons","Enya",1991-11-15,239586,64,11146410335,2024-04-29T17:40:40Z,"celtic,gregorian dance,operatic pop","WM UK",0.393,0.414,4,-12.262,1,0.0321,0.807,0.958,0.118,0.677,157.626,3
7CH99b2i1TXS5P8UUyWtnM,"Them Changes","Drunk","Thundercat",2017-02-24,188453,68,11146410335,2024-04-29T17:41:29Z,"afrofuturism,indie soul","Brainfeeder",0.657,0.562,8,-8.6,1,0.0601,0.54,0.00143,0.101,0.704,81.657,4
3cGSIHH2xKMzy4kODiOiIo,"Holidays","Illumination","Miami Horror,Alan Palomo",2010,268233,45,11146410335,2024-04-29T17:41:49Z,"alternative dance,australian dance,australian electropop,electroclash,filter house,indietronica,neo-synthpop,nu disco","Nettwerk Music Group",0.667,0.926,0,-3.792,1,0.0526,0.103,0.000173,0.229,0.832,115.984,4
2tsdH9kw8eov5ULYnq4zYd,"I Need Answers","I Need Answers","Asta",2013-03-13,208627,27,11146410335,2024-04-29T17:42:14Z,"australian indie","Asta",0.638,0.705,6,-5.963,1,0.0376,0.111,0.00000479,0.0825,0.346,121.906,4
5QTxFnGygVM4jFQiBovmRo,"(Don't Fear) The Reaper","Agents Of Fortune","Blue Öyster Cult",1976,308120,72,11146410335,2024-04-29T17:43:42Z,"album rock,classic rock,glam metal,hard rock,progressive rock,rock","Columbia",0.333,0.927,9,-8.55,0,0.0733,0.0029,0.000208,0.297,0.385,141.466,4
3L0obGqaQivlVHDAg0NjNy,"Like You Used To","Stronger","Kidnap",2014-01-01,231508,26,11146410335,2024-04-29T17:44:01Z,"future garage,melodic house","Polydor Records",0.696,0.467,5,-10.507,0,0.0285,0.114,0.493,0.0805,0.198,120.013,4
0kLrrh7Z1gySNTunBH790J,"Sometimes","Illumination","Miami Horror",2010,253728,57,11146410335,2024-04-29T17:44:24Z,"alternative dance,australian dance,australian electropop,electroclash,filter house,indietronica,neo-synthpop,nu disco","Nettwerk Music Group",0.58,0.86,7,-4.994,0,0.0334,0.0176,0.0000802,0.175,0.43,124.992,4
290xSzR8Ee9fm82poMg4od,"Used to Be in Love","Quiet Ferocity","The Jungle Giants",2017-07-07,222786,66,11146410335,2024-04-29T17:44:31Z,"australian indie","Amplifire Music",0.83,0.631,11,-5.238,0,0.0313,0.0022,0.0359,0.0539,0.877,128.013,4
78nDKFr6pHANi6eA5kg49o,"Wolfie","Wolfie / Funeral","Golden Features,Julia Stone",2016-11-29,203636,34,11146410335,2024-04-29T17:44:46Z,"industrial pop,australian singer-songwriter","Foreign Family Collective",0.583,0.581,9,-7.288,0,0.0735,0.0624,0.000231,0.0751,0.202,120.023,4
3gGMsx3jxYKfhXq8LMj1tz,"Vanished","Crystal Castles","Crystal Castles",2008-03-16,242960,67,11146410335,2024-04-29T17:46:51Z,"alternative dance,bitpop,digital hardcore,indietronica,neo-synthpop,new rave,nintendocore","Different Recordings",0.707,0.87,0,-6.659,0,0.0297,0.00182,0.0000742,0.294,0.663,119.98,4
6slWUMiyoNNWcQGu6tkTlH,"Leni (Crystal Castles vs GoodBooks)","Control Freaks (The Remixes)","GoodBooks,Crystal Castles",2021-11-18,256398,67,11146410335,2024-04-29T17:47:36Z,"sped up,alternative dance,bitpop,digital hardcore,indietronica,neo-synthpop,new rave,nintendocore","GoodBooks",0.642,0.641,6,-6.619,0,0.0312,0.0627,0.00289,0.0627,0.55,119.938,4
28qkNp9shSV8AQrBwxZf48,"Dance with Somebody - Radio Version","Dance with Somebody","Mando Diao",2009-01-01,241000,60,11146410335,2024-05-07T21:55:16Z,"dalarna indie,swedish garage rock,swedish indie rock","Playground Music",0.55,0.903,1,-4.027,0,0.0928,0.00183,0,0.359,0.506,150.142,4
7nzMU6ive8Zpv6Puqid46W,"Пачка сигарет","Звезда по имени Солнце","Kino",1989-01-01,266017,15,11146410335,2024-05-11T05:55:00Z,"classic russian rock,russian post-punk,russian rock","Цой В.Р. (наследники), Каспарян Ю.Д., Тихомиров И.Р., Гурьянов Г.К. (наследники) / ООО «Национальное музыкальное издательство»",0.713,0.605,4,-12.62,0,0.0251,0.195,0.00267,0.614,0.619,87.465,4
3HFBqhotJeEKHJzMEW31jZ,"Change","Dragon New Warm Mountain I Believe In You","Big Thief",2022-02-11,295454,58,11146410335,2024-05-13T15:35:17Z,"art pop,brooklyn indie,chamber pop,countrygaze,indie pop,indie rock,pov: indie,small room","4AD",0.633,0.161,10,-12.892,1,0.0613,0.83,0.000099,0.263,0.546,132.57,4
0xahPNJVFHGMEFxu9kergk,"September","September","Sparky Deathcap",2009,189681,61,11146410335,2024-05-13T15:35:33Z,"","RCA Records Label",0.591,0.333,8,-10.828,1,0.0434,0.901,0.000878,0.129,0.504,139.833,3
4XTuSMs47SIg35KxhNIUGe,"White Winter Hymnal","Fleet Foxes","Fleet Foxes",2008-06-09,147026,62,11146410335,2024-05-13T15:35:36Z,"chamber pop,folk,indie folk,indie rock,indietronica,modern rock,seattle indie,singer-songwriter,stomp and holler","Nonesuch",0.629,0.534,6,-9.054,0,0.0267,0.437,0.00000333,0.328,0.649,124.964,4
7orUPsozJ19Cyxv5ozoREr,"Sinking Ship","Expectations","Wild Child",2018-02-09,247493,46,11146410335,2024-05-13T15:35:42Z,"austin americana,austindie,folk-pop,indie folk,stomp and holler","Dualtone Music Group, Inc.",0.555,0.181,4,-19.296,0,0.0356,0.95,0.00156,0.11,0.182,92.757,4
2rso25m7GZBGpliSBgbn2V,"Grenadine","Seize printemps (Bande originale du film)","Vincent Delerm",2021-06-16,76346,47,11146410335,2024-05-13T15:35:44Z,"chanson,nouvelle chanson francaise","Tôt Ou Tard",0.62,0.14,0,-25.762,0,0.0304,0.97,0.966,0.0938,0.547,75.012,4
50kgovuPE9wDZ0hEynlssm,"I Should Go - Solo Version","I Should Go (Solo Version)","James Vincent McMorrow",2020-10-07,151178,46,11146410335,2024-05-13T15:36:07Z,"chamber pop,indie folk,irish singer-songwriter,stomp and holler","Columbia",0.707,0.339,6,-10.373,0,0.0492,0.894,0,0.114,0.303,132.029,4
7kXJUbAAPx2Bc4tKASpV5T,"Some Sunsick Day","Phase Zero","Morgan Delt",2016-08-26,311280,43,11146410335,2024-05-13T15:36:59Z,"neo-psychedelic","Sub Pop Records",0.486,0.632,1,-9.545,1,0.0302,0.427,0.748,0.0879,0.51,150.106,3
1Oe6yPVl5KgB14ZLssTvJq,"Rulett","Rulett","OHNODY",2023-02-17,195000,18,11146410335,2024-05-13T19:39:19Z,"hungarian rock,magyar alternative","Théque Records",0.761,0.45,7,-13.414,1,0.27,0.406,0.543,0.111,0.43,131.956,4
3qhlB30KknSejmIvZZLjOD,"End of Beginning","DECIDE","Djo",2022-09-16,159245,89,11146410335,2024-05-13T20:20:02Z,"pov: indie,psychedelic pop","Djo",0.689,0.454,2,-7.643,1,0.0584,0.0351,0.00259,0.0707,0.912,159.982,4
6xvNUl7fwPgKbcLXLKHflT,"Youngblood","Youngblood","Angus & Julia Stone",2018-11-02,232746,45,11146410335,2024-05-13T21:11:42Z,"australian indie folk,indie folk","[PIAS] Le Label",0.668,0.661,7,-8.598,0,0.0405,0.79,0.239,0.0884,0.364,123.974,4
5jZoYp0P8ML7AxkS3tQz3j,"Seventeen","Remind Me Tomorrow","Sharon Van Etten",2019-01-18,265920,54,11146410335,2024-05-13T21:11:46Z,"art pop,chamber pop,indie rock,melancholia,new jersey indie,singer-songwriter","Jagjaguwar",0.538,0.774,5,-7.359,1,0.0484,0.0164,0.265,0.0685,0.249,127.107,4
0eVz3hV2xOXdneGpnWDFpb,"Sugar for the Pill","Slowdive","Slowdive",2017-05-05,270918,57,11146410335,2024-05-13T21:41:04Z,"alternative rock,dream pop,reading indie,shoegaze","Dead Oceans",0.534,0.536,7,-7.682,1,0.0244,0.209,0.835,0.113,0.427,98.018,4
42qNWdLKCI41S4uzfamhFM,"Duvet","Twilight","bôa",2010-04-20,203600,82,11146410335,2024-05-13T21:41:06Z,"pov: indie","Nettwerk Music Group",0.583,0.888,11,-9.414,0,0.0349,0.191,0.0000458,0.0936,0.706,93.206,4
2kRFrWaLWiKq48YYVdGcm8,"Everything In Its Right Place","Kid A","Radiohead",2000-10-02,251426,71,11146410335,2024-05-13T22:58:54Z,"alternative rock,art rock,melancholia,oxford indie,permanent wave,rock","XL Recordings",0.296,0.463,5,-11.412,0,0.0449,0.705,0.0482,0.0954,0.0629,123.943,5
0z1o5L7HJx562xZSATcIpY,"Exit Music (For A Film)","OK Computer","Radiohead",1997-05-28,267186,74,11146410335,2024-05-14T19:59:43Z,"alternative rock,art rock,melancholia,oxford indie,permanent wave,rock","XL Recordings",0.293,0.276,4,-11.357,0,0.0349,0.224,0.122,0.167,0.195,121.603,4
0xtIp0lgccN85GfGOekS5L,"Yes I'm Changing","Currents","Tame Impala",2015-07-17,270680,67,11146410335,2024-05-14T19:59:50Z,"australian psych,modern rock,neo-psychedelic,rock","Universal Music Australia Pty. Ltd.",0.373,0.609,0,-7,1,0.0316,0.108,0.000427,0.0755,0.354,179.955,4
3vybpXzMgBMsK9Nd2Ce7qh,"Since You Asked Kindly","III","BADBADNOTGOOD",2014-05-05,281475,31,11146410335,2024-05-14T21:03:44Z,"canadian modern jazz,indie soul","Innovative Leisure",0.469,0.816,4,-8.566,0,0.0376,0.0256,0.868,0.0999,0.202,130.594,4
3DwKUwbM2bAoFSWvA70vPP,"Blood Upon Stone","The Long Road North","Cult Of Luna",2022-02-11,699313,24,11146410335,2024-05-14T21:33:39Z,"atmospheric post-metal,atmospheric sludge,drone metal,post-metal,progressive sludge,slayer,sludge metal,stoner metal,swedish doom metal,swedish progressive metal","Metal Blade Records",0.222,0.952,4,-7.36,1,0.0559,0.0000369,0.877,0.0955,0.0941,126.121,3
32fmQsWSAaDas2MJRyMSGG,"The Ghost Inside","Broken Bells","Broken Bells",2010-03-01,198040,55,11146410335,2024-05-14T22:09:33Z,"chamber pop,indie rock,indietronica,la indie,modern rock","Columbia",0.869,0.7,2,-4.966,1,0.0419,0.0571,0.414,0.0691,0.983,103.983,4
1qkBgYtk5r2OHvdToRUNB8,"The Wreck of S.S. Needle","Mariner","Cult Of Luna,Julie Christmas",2016-04-08,573506,0,11146410335,2024-05-14T23:42:31Z,"atmospheric post-metal,atmospheric sludge,drone metal,post-metal,progressive sludge,slayer,sludge metal,stoner metal,swedish doom metal,swedish progressive metal,gaian doom","Indie Recordings",0.355,0.737,4,-7.49,1,0.0335,0.000257,0.887,0.118,0.0698,101.006,4
1P7n72AsDVcl9dTgTW5LGw,"Hot Motion","Hot Motion","Temples",2019-09-27,348933,24,11146410335,2024-05-15T16:25:07Z,"garage rock,neo-psychedelic","ATO Records",0.45,0.923,2,-5.419,0,0.0883,0.0000725,0.0332,0.265,0.427,140,4
0KixIFbJPLjVUgCiTgR649,"Dripping Sun","Masana Temples","Kikagaku Moyo",2018-10-05,470092,40,11146410335,2024-05-15T16:33:34Z,"instrumental stoner rock,japanese psychedelic,japanese psychedelic rock,neo-psychedelic","Guruguru Brain",0.536,0.441,5,-7.244,0,0.0356,0.181,0.564,0.113,0.335,105.556,4
1LlK2ubpG3rHStn7ZGav3j,"På knivan","På knivan","Sammal",2022-08-26,209907,15,11146410335,2024-05-15T16:42:35Z,"finnish progressive rock,finnish psychedelic rock","Svart Records",0.309,0.807,4,-7.735,0,0.0558,0.00688,0.393,0.102,0.705,116.458,4
4uaHgtw9BkxOJPSPOmsMVd,"Food","Sour Soul","BADBADNOTGOOD,Ghostface Killah",2015-02-19,203769,39,11146410335,2024-05-16T11:16:56Z,"canadian modern jazz,indie soul,east coast hip hop,hardcore hip hop","Lex Records",0.657,0.626,1,-9.851,0,0.0339,0.673,0.00323,0.0761,0.514,88.069,4
1XrSjpNe49IiygZfzb74pk,"What Once Was","Songs of Her's","Her's",2017-05-12,255067,72,11146410335,2024-05-16T21:56:48Z,"indie pop,liverpool indie,pov: indie","Heist Or Hit Records",0.526,0.877,3,-4.369,0,0.033,0.172,0.0108,0.223,0.436,145.568,3
4ACxa9buEUnOdYEoPcnMpi,"Your Woman","Women In Technology","White Town",1997-02-24,259893,3,11146410335,2024-05-16T22:02:18Z,"derby indie","Echo",0.815,0.605,5,-9.118,0,0.0368,0.033,0.684,0.114,0.795,102.642,4
08wnOyN1wyMaNrup3m353f,"My Tears Are Becoming a Sea","Hurry up, We're Dreaming","M83",2011-10-17,151826,63,11146410335,2024-05-16T22:04:25Z,"french shoegaze,french synthpop,indietronica,metropopolis,neo-synthpop","M83 Recording Inc",0.162,0.353,8,-11.286,0,0.0509,0.0993,0.274,0.575,0.0551,110.76,1
1ZgMsA55GIY7ICkQh5MILA,"Space Song","Depression Cherry","Beach House",2015-08-28,320466,73,11146410335,2024-05-16T22:04:27Z,"art pop,baltimore indie,dream pop,dreamo,indie rock,indietronica,modern dream pop,pov: indie","Bella Union",0.508,0.786,0,-7.295,0,0.0293,0.226,0.14,0.143,0.611,147.077,4
7BRD7x5pt8Lqa1eGYC4dzj,"CHIHIRO","HIT ME HARD AND SOFT","Billie Eilish",2024-05-17,303440,87,11146410335,2024-06-05T22:38:10Z,"art pop,pop","Darkroom/Interscope Records",0.7,0.425,7,-12.531,1,0.0529,0.144,0.879,0.083,0.521,110.015,4
1zNXF2svmdlNxfS5XeNUgr,"Don't Know Why","Come Away With Me (Super Deluxe Edition)","Norah Jones",2002-02-26,186251,75,11146410335,2024-06-05T22:38:12Z,"contemporary vocal jazz,jazz pop,neo mellow,vocal jazz","CM BLUE NOTE (A92)",0.745,0.219,5,-11.216,1,0.0276,0.851,0.000018,0.0678,0.635,88.609,4
754kgU5rWscRTfvlsuEwFp,"Kiss Me","Sixpence None the Richer","Sixpence None The Richer",1997-11-22,208680,81,11146410335,2024-06-05T22:38:13Z,"lilith,pop rock","Word Entertainment",0.526,0.749,3,-6.964,1,0.0283,0.023,0.00000176,0.0692,0.421,99.982,4
6HTVZeVQ9J6Uiq6tHESxU9,"Welcome Home, Son","Ghost","Radical Face",2007-03-02,287634,70,11146410335,2024-06-26T06:59:54Z,"indie folk,jacksonville indie,stomp and holler","Bear Machine",0.586,0.494,6,-10.759,1,0.0307,0.723,0.789,0.142,0.401,144.973,3
0Rqwa6i410IwhTiugt6vXi,"Islands","xx","The xx",2009-08-16,160720,61,11146410335,2025-01-09T22:19:36Z,"downtempo,dream pop,indietronica","Young",0.871,0.472,4,-11.077,1,0.0756,0.74,0.269,0.145,0.707,124.04,4
3MXQyrtpSbucjnO7wAiLSI,"Alfonso Muskedunder","It's Album Time","Todd Terje",2014-04-07,204933,34,11146410335,2025-01-09T22:41:37Z,"balearic,electronica,filter house,indietronica,norwegian space disco,nu disco","Olsen Records",0.569,0.948,5,-7.536,1,0.0512,0.033,0.925,0.0929,0.876,192.04,1
4H0PVPGkNeb72vV3qU31nI,"Closing Shot","Closing Shot","Lindstrøm",2016-06-03,503648,28,11146410335,2025-01-09T22:41:37Z,"balearic,electronica,norwegian space disco,nu disco","Feedelity Recordings",0.777,0.917,5,-7.799,0,0.0524,0.00218,0.888,0.451,0.877,123.002,4
4Gk5pUinxmDBuVAcjOHaKD,"Maskindans - Radio Edit","Maskindans","Todd Terje,Det Gylne Triangel",2017-06-02,214404,10,11146410335,2025-01-09T22:41:37Z,"balearic,electronica,filter house,indietronica,norwegian space disco,nu disco","Olsen Records",0.622,0.809,0,-8.575,1,0.0386,0.00362,0.0541,0.115,0.295,119.982,4
4o4lNCu3RYVl7B9BB3YEzF,"Boney M Down","Lindstrom & Prins Thomas","Lindstrøm,Prins Thomas",2005-10-14,229386,36,11146410335,2025-01-09T22:41:37Z,"balearic,electronica,norwegian space disco,nu disco","Eskimo Recordings",0.76,0.641,0,-9.54,0,0.0374,0.0772,0.897,0.139,0.876,100.978,4
7HIyoH2tAPy14AaGjXrx0W,"You Can´t Do it Right","10 Years of Full Pupp Sampler 2","Randaberg Ego Ensemble",2014-03-24,360118,1,11146410335,2025-01-09T22:41:37Z,"norwegian space disco","Full Pupp",0.816,0.605,5,-8.783,0,0.0495,0.0705,0.0000306,0.424,0.895,118.982,4
2cYhGJbhvVareN1kFQiODe,"Black Water","Creep On Creepin' On","Timber Timbre",2011-04-05,359826,31,11146410335,2025-01-09T22:41:37Z,"chamber pop,new weird america,toronto indie","Arts & Crafts",0.57,0.311,2,-7.975,0,0.0273,0.635,0.0145,0.496,0.507,141.823,4
1NHd4UVxT5d5EGYzlDq17T,"Inspector Norse","It's the Arps","Todd Terje",2012-01-09,400751,50,11146410335,2025-01-09T22:41:37Z,"balearic,electronica,filter house,indietronica,norwegian space disco,nu disco","Olsen Records",0.912,0.782,7,-7.018,0,0.0445,0.0741,0.763,0.348,0.89,119.979,4
2qpacEyFxmbxCpIEqZkqvC,"You Are the Right One","Naked All the Time","Sports",2015-07-24,172506,73,11146410335,2025-01-09T22:41:37Z,"tulsa indie","Sports",0.659,0.594,4,-8.494,0,0.0261,0.162,0.846,0.632,0.851,100.033,4
3NiYvMjp5A3FZmP3dojS8k,"Arrow Through Me - Remastered 1993","Back To The Egg","Wings",1979-06-06,216693,51,11146410335,2025-01-09T22:41:37Z,"album rock,art rock,classic rock,folk rock,mellow gold,rock,singer-songwriter,soft rock","Paul McCartney Catalog",0.874,0.364,2,-12.326,1,0.0983,0.218,0.0263,0.101,0.675,86.004,4
0bfvHnWWOeU1U5XeKyVLbW,"Can't Take My Eyes off You","Solo","Frankie Valli",1967,203680,75,11146410335,2025-01-09T22:41:37Z,"adult standards,bubblegum pop,lounge","Rhino",0.581,0.78,4,-7.053,1,0.0567,0.508,0.0000107,0.0799,0.561,123.711,4
3EXrtClWmgsM7dw75Mw2M1,"When You're Gone","To The Faithful Departed","The Cranberries",1996-04-30,296200,62,11146410335,2025-01-09T22:41:37Z,"irish rock,pop rock,rock","Island Records",0.454,0.524,3,-7.128,1,0.0267,0.351,0.0000432,0.0691,0.348,186.762,3
27hhIs2fp6w06N5zx4Eaa5,"Dream A Little Dream Of Me","The Papas & The Mamas","The Mamas & The Papas",1968-05-01,194426,73,11146410335,2025-01-09T22:41:37Z,"classic rock,folk rock,mellow gold,psychedelic rock,rock,soft rock,sunshine pop","Geffen",0.413,0.313,7,-13.138,1,0.0519,0.791,0.0000015,0.0727,0.349,92.515,4
5UWwZ5lm5PKu6eKsHAGxOk,"Everlong","The Colour And The Shape","Foo Fighters",1997-05-20,250546,81,11146410335,2025-01-09T22:41:37Z,"alternative metal,alternative rock,modern rock,permanent wave,post-grunge,rock","RCA Records Label",0.413,0.881,11,-5.541,0,0.0367,0.0000599,0.000308,0.0805,0.364,158.066,4
5VSAonaAPhhGn0G7hMYwWK,"Sister Golden Hair","Hearts","America",1975,199573,70,11146410335,2025-01-09T22:41:37Z,"album rock,classic rock,folk rock,mellow gold,soft rock","Rhino",0.441,0.546,4,-12.222,1,0.0336,0.13,0.000144,0.109,0.718,134.752,4
0pUVeEgZuNyFzIMKp67RbS,"Eyes Without A Face","Rebel Yell","Billy Idol",1983-11-01,299240,77,11146410335,2025-01-09T22:41:37Z,"album rock,classic rock,dance rock,hard rock,new romantic,new wave,new wave pop,rock,soft rock","CAPITOL CATALOG MKT (C92)",0.54,0.816,9,-6.197,1,0.0421,0.0177,0.00226,0.276,0.658,85.563,4
31AOj9sFz2gM0O3hMARRBx,"Losing My Religion","Out Of Time (25th Anniversary Edition)","R.E.M.",1991-03-12,268426,82,11146410335,2025-01-09T22:41:37Z,"alternative rock,athens indie,permanent wave,rock","Concord Records",0.666,0.855,9,-5.051,0,0.0295,0.179,0.0000012,0.0987,0.803,125.639,4
0yc6Gst2xkRu0eMLeRMGCX,"Apocalypse","Cigarettes After Sex","Cigarettes After Sex",2017-06-09,290616,87,11146410335,2025-01-09T22:41:37Z,"ambient pop,dream pop,el paso indie,shoegaze","Partisan Records",0.369,0.468,5,-9.013,1,0.0273,0.0205,0.566,0.109,0.18,94.434,4
2nGFzvICaeEWjIrBrL2RAx,"Put Your Records On","Corinne Bailey Rae","Corinne Bailey Rae",2006-01-01,215360,76,11146410335,2025-01-09T22:41:37Z,"british soul,neo soul,pop soul,soul","EMI Records",0.739,0.511,9,-7.844,1,0.0362,0.167,0.00000134,0.133,0.542,96.038,4
456WNXWhDwYOSf5SpTuqxd,"Dog Days Are Over","Lungs (Deluxe Version)","Florence + The Machine",2009,252818,78,11146410335,2025-01-09T22:41:37Z,"baroque pop,modern rock,neo mellow,uk alternative pop","Universal-Island Records Ltd.",0.501,0.809,7,-5.264,1,0.0938,0.0338,0.00602,0.119,0.258,149.964,4
2mWfVxEo4xZYDaz0v7hYrN,"Juna","Charm","Clairo",2024-07-12,195109,78,11146410335,2025-01-09T22:41:37Z,"bedroom pop,indie pop,pov: indie","Clairo",0.606,0.714,3,-6.244,1,0.0339,0.238,0.098,0.106,0.448,141.512,4
12q3V8ShACq2PSWINMc2rC,"It's Too Late","Tapestry","Carole King",1971,233173,69,11146410335,2025-01-09T22:41:37Z,"brill building pop,classic rock,folk,folk rock,mellow gold,singer-songwriter,soft rock","Ode/Epic/Legacy",0.45,0.442,9,-12.718,0,0.0353,0.493,0.00564,0.134,0.812,208.282,4
1PtQJZVZIdWIYdARpZRDFO,"Running Up That Hill (A Deal With God)","Hounds Of Love","Kate Bush",1985-09-16,298933,78,11146410335,2025-01-09T22:41:37Z,"art pop,art rock,baroque pop,new wave pop,permanent wave,piano rock,singer-songwriter","Fish People",0.629,0.545,10,-13.123,0,0.0546,0.719,0.00308,0.0604,0.194,108.376,4
3gdewACMIVMEWVbyb8O9sY,"Rocket Man (I Think It's Going To Be A Long, Long Time)","Honky Chateau","Elton John",1972-05-19,281613,80,11146410335,2025-01-09T22:41:37Z,"glam rock,mellow gold,piano rock,rock","EMI",0.601,0.532,10,-9.119,1,0.0286,0.433,0.00000595,0.0925,0.342,136.576,4
25FTMokYEbEWHEdss5JLZS,"Teenage Dirtbag","Wheatus","Wheatus",1999-02-15,241666,77,11146410335,2025-01-09T22:41:37Z,"pop rock","Columbia",0.625,0.85,4,-3.904,1,0.0495,0.346,0.000233,0.174,0.633,94.661,4
7mjSHL2Eb0kAwiKbvNNyD9,"Wild World","Tea For The Tillerman (Remastered 2020)","Yusuf / Cat Stevens",1970-11-23,200560,76,11146410335,2025-01-09T22:41:37Z,"british folk,classic rock,folk,folk rock,mellow gold,singer-songwriter,soft rock","UMC (Universal Music Catalogue)",0.48,0.542,0,-8.51,1,0.0348,0.345,0.000609,0.113,0.567,152.853,4
69Kzq3FMkDwiSFBQzRckFD,"This Night Has Opened My Eyes - 2011 Remaster","Hatful of Hollow","The Smiths",1984,221533,71,11146410335,2025-01-09T22:41:37Z,"madchester,new wave,permanent wave,rock,uk post-punk","WM UK",0.696,0.628,2,-8.407,1,0.0274,0.00102,0.428,0.272,0.701,100.038,4
3oBNQdDbNrs8wQbcZ3BXwP,"Velvet Ring - 2023 Remaster","Masterpiece (2023 Remaster)","Big Thief",2016,155938,74,11146410335,2025-01-09T22:41:37Z,"art pop,brooklyn indie,chamber pop,countrygaze,indie pop,indie rock,pov: indie,small room","4AD",0.318,0.401,0,-11.944,1,0.0337,0.436,0.00564,0.151,0.277,138.528,4
2MLHyLy5z5l5YRp7momlgw,"Island In The Sun","Weezer","Weezer",2001-05-15,200306,77,11146410335,2025-01-09T22:41:37Z,"alternative rock,modern power pop,modern rock,permanent wave,rock","Geffen",0.654,0.81,4,-6.26,0,0.0288,0.00719,0.00251,0.165,0.661,114.622,4
4QSxnjPLWjIokGM0AXwW8i,"Régi nóta","Elmegyek","Péter Máté",1995-09-01,246733,12,11146410335,2025-01-09T22:41:37Z,"classic hungarian pop","Hungaroton",0.494,0.512,5,-12.256,1,0.0544,0.0788,0.00000603,0.11,0.832,134.2,4
1LbVxUi2jo71q2gziv4pzg,"Csönges be hozzám jóbarát!","Sláger Slágerek 4.","General",2000-10-01,189600,13,11146410335,2025-01-09T22:41:37Z,"","Hungaroton",0.656,0.852,0,-6.686,1,0.0502,0.158,0.000102,0.118,0.968,131.604,4
2znN4wbXymlK3QZWfa6hyX,"Varlak meg","Sláger Slágerek 2.","Sarolta Zalatnay",2000-10-01,199853,11,11146410335,2025-01-09T22:41:37Z,"classic hungarian pop","Hungaroton",0.265,0.604,8,-5.477,1,0.0306,0.187,0.0261,0.118,0.421,95.733,4
4Wrc3Jz4POj0ibPj5iuq0r,"Just Dropped In (To See What Condition My Condition Was In)","The First Edition","The First Edition",1967-01-01,201213,54,11146410335,2025-01-09T22:41:37Z,"","Geffen",0.58,0.551,9,-9.898,0,0.0582,0.181,0.00719,0.15,0.516,115.896,4
2K2M0TcglCRLLpFOzKeFZA,"Sunshine Of Your Love","Disraeli Gears (Deluxe Edition)","Cream",1967-11,250400,69,11146410335,2025-01-09T22:41:37Z,"album rock,blues rock,british blues,classic rock,folk rock,hard rock,psychedelic rock,rock,singer-songwriter,supergroup","Universal Records",0.683,0.594,2,-8.289,1,0.0347,0.385,0.0000861,0.121,0.734,115.099,4
3hQIG7ex366iJ10jBRINeK,"A boldogságtól ordítani tudnék","Legendás táncdalok","Attila Dobos",1998-10-01,180813,13,11146410335,2025-01-09T22:41:37Z,"","Hungaroton",0.574,0.769,10,-3.528,0,0.0279,0.459,0.00269,0.11,0.826,86.587,4
7eQwbjN5DWaReh6JjmxxmF,"A távollét","Tárd ki ablakod","Pál Szécsi",1989-07-01,216026,25,11146410335,2025-01-09T22:41:37Z,"classic hungarian pop","Hungaroton",0.391,0.343,2,-12.117,0,0.0333,0.434,0,0.113,0.662,135.043,4
6tunhVGD8C05MZNjSVIsjw,"It Never Rains in Southern California","It Never Rains In Southern California","Albert Hammond",1972-08-16,233506,68,11146410335,2025-01-09T22:41:37Z,"classic uk pop,rock of gibraltar","Legacy Recordings",0.626,0.565,9,-10.027,1,0.0271,0.124,0,0.0811,0.924,116.61,4
3Q8Wf90G9uMIpHYGiA0dHc,"The Afternoon - Remastered 2017","Days Of Future Passed (Deluxe Version)","The Moody Blues",1967-11-10,504933,25,11146410335,2025-01-09T22:41:37Z,"album rock,art rock,british invasion,classic rock,country rock,flute rock,folk rock,mellow gold,progressive rock,rock,singer-songwriter,soft rock,symphonic rock","UMC (Universal Music Catalogue)",0.299,0.409,7,-11.398,1,0.0309,0.424,0.406,0.61,0.254,114.088,4
4DWFSrNnZXow1aB96gByho,"Elenore","The Turtles Present The Battle of the Bands","The Turtles",1968,151306,56,11146410335,2025-01-09T22:41:37Z,"bubblegum pop,classic rock,folk rock,merseybeat,psychedelic rock,rock-and-roll,rockabilly","Flo & Eddie, Inc.",0.63,0.625,4,-8.407,1,0.0375,0.6,0.0000152,0.24,0.887,122.504,4
6FT83pFXKhDlXDsNJFAHWz,"You Never Can Tell","St. Louis To Liverpool","Chuck Berry",1964-11-01,161906,71,11146410335,2025-01-09T22:41:37Z,"blues,blues rock,classic rock,rock,rock-and-roll,rockabilly,soul","Geffen",0.525,0.852,7,-9.519,1,0.222,0.731,0.0000511,0.218,0.884,157.404,4
5ulzFkVBiixy4LYSJp3YuW,"Don't Let Me Be Misunderstood - BBC Saturday Club Session","Days Of Future Passed (Deluxe Version)","The Moody Blues",1967-11-10,144133,22,11146410335,2025-01-09T22:41:37Z,"album rock,art rock,british invasion,classic rock,country rock,flute rock,folk rock,mellow gold,progressive rock,rock,singer-songwriter,soft rock,symphonic rock","UMC (Universal Music Catalogue)",0.576,0.559,9,-7.387,0,0.0337,0.199,0.00000279,0.0878,0.859,106.015,3
3Xls4cNOwy01dtrNXb1inG,"White Room","Wheels Of Fire","Cream",1968-07-01,298333,67,11146410335,2025-01-09T22:41:37Z,"album rock,blues rock,british blues,classic rock,folk rock,hard rock,psychedelic rock,rock,singer-songwriter,supergroup","Polydor Records",0.553,0.576,0,-13.458,1,0.0304,0.191,0.00664,0.0365,0.457,109.827,4
3D1Xnj2Q7oh7Vz3RH9fDvC,"Nights In White Satin - Single Version","The Very Best Of The Moody Blues","The Moody Blues",2014-01-01,265626,47,11146410335,2025-01-09T22:41:37Z,"album rock,art rock,british invasion,classic rock,country rock,flute rock,folk rock,mellow gold,progressive rock,rock,singer-songwriter,soft rock,symphonic rock","UMC (Universal Music Catalogue)",0.21,0.346,4,-12.069,0,0.0299,0.252,0.336,0.247,0.22,79.026,4
4vpeKl0vMGdAXpZiQB2Dtd,"White Rabbit","Surrealistic Pillow","Jefferson Airplane",1967,150640,66,11146410335,2025-01-09T22:41:37Z,"acid rock,album rock,blues rock,classic rock,folk rock,hard rock,mellow gold,psychedelic rock,rock,singer-songwriter","RCA/BMG Heritage",0.551,0.293,2,-12.503,1,0.0272,0.486,0.000273,0.0864,0.322,106.798,4
11607FzqoipskTsXrwEHnJ,"Sunday Morning","The Velvet Underground & Nico 45th Anniversary","The Velvet Underground,Nico",1967-03-12,175893,63,11146410335,2025-01-09T22:41:37Z,"alternative rock,melancholia,permanent wave,protopunk,rock,experimental,singer-songwriter","Polydor",0.506,0.442,5,-13.268,0,0.0276,0.0869,0.00239,0.0846,0.532,105.833,4
2vlkTkPqdATznKHu9gD2c1,"Her","Her","The American Dawn",2024-07-26,214086,72,11146410335,2025-01-09T22:41:37Z,"","DAWN RECORDS",0.66,0.603,3,-7.7,0,0.025,0.00566,0.0144,0.0751,0.527,102.99,4
2kkvB3RNRzwjFdGhaUA0tz,"Layla","Layla And Other Assorted Love Songs (Remastered 2010)","Derek & The Dominos",1970-11-01,423840,70,11146410335,2025-01-09T22:41:37Z,"album rock,blues rock,british blues,classic rock,country rock,electric blues,folk rock,hard rock,mellow gold,psychedelic rock,rock,singer-songwriter","Universal Music Group International",0.404,0.902,1,-3.88,1,0.0665,0.577,0.297,0.287,0.497,115.669,4
4C6EPbxGiGSX95nJY3z9ZG,"I Got Heaven","I Got Heaven","Mannequin Pussy",2024-03-01,178933,54,11146410335,2025-01-09T22:41:37Z,"bubblegrunge,indie punk,modern hardcore,modern power pop,riot grrrl","Epitaph",0.503,0.931,6,-6.897,0,0.0883,0.00978,0.00000747,0.407,0.357,127.013,4
70LWfy4gnw3wqhYrNp0yn9,"Girl Behind The Glass","Cub","Wunderhorse",2022-10-07,196560,53,11146410335,2025-01-09T22:41:37Z,"","Communion Records",0.45,0.462,7,-7.569,1,0.0249,0.0301,0.0437,0.0689,0.466,94.903,4
20Co6wsSQkqMtZaQxtjz8a,"Echolalia","Praise A Lord Who Chews But Which Does Not Consume; (Or Simply, Hot Between Worlds)","Yves Tumor",2023-03-17,180146,48,11146410335,2025-01-09T22:41:37Z,"art pop,escape room,experimental pop,experimental r&b,hypnagogic pop","Warp Records",0.747,0.824,0,-6.783,0,0.0536,0.044,0.817,0.19,0.745,130,4
0gCuNgDK1U7xsmN3hLMR8h,"You Got Me Doing Things","Heavy Days Are Here Again","Frank Vandenkloot",1978-04-19,239000,31,11146410335,2025-01-09T22:41:37Z,"","Basart Records",0.597,0.624,9,-11.417,0,0.0577,0.798,0.904,0.14,0.859,81.384,4
4N8idxy0W2GDaEosAwPOMg,"I Love You","Skinty Fia","Fontaines D.C.",2022-04-22,305800,67,11146410335,2025-01-09T22:41:37Z,"crank wave,irish indie rock,irish post-punk","Partisan Records",0.633,0.771,4,-7.207,0,0.0319,0.089,0,0.0679,0.375,114.032,4
54pvEYFocTlvIAQOfXSjqV,"Alone Again (Naturally)","Back to Front (Deluxe Edition)","Gilbert O'Sullivan",1972-01-01,221373,68,11146410335,2025-01-09T22:41:37Z,"bubblegum pop,soft rock","Salvo",0.558,0.528,8,-6.265,0,0.032,0.625,0.0000749,0.104,0.606,171.797,4
4uGIJG1jYFonGc4LGp5uQL,"Somebody to Love","Surrealistic Pillow","Jefferson Airplane",1967,174840,71,11146410335,2025-01-09T22:41:37Z,"acid rock,album rock,blues rock,classic rock,folk rock,hard rock,mellow gold,psychedelic rock,rock,singer-songwriter","RCA/BMG Heritage",0.504,0.578,4,-9.302,1,0.031,0.408,0,0.321,0.654,132.411,4
2LXISHBkx8FyoxCBkckh19,"Do It Again","Can't Buy A Thrill","Steely Dan",1972-11-01,357041,69,11146410335,2025-01-09T22:41:37Z,"album rock,classic rock,country rock,folk rock,mellow gold,rock,soft rock,yacht rock","Geffen",0.655,0.431,2,-15.18,0,0.032,0.343,0.0000095,0.0711,0.941,124.588,4
44A0o4jA8F2ZF03Zacwlwx,"Je te laisserai des mots","Je te laisserai des mots","Patrick Watson",2010-09-10,160853,82,11146410335,2025-01-09T22:41:37Z,"indie folk,indie quebecois","Secret City Records",0.303,0.187,2,-16.757,1,0.0356,0.989,0.499,0.102,0.212,132.679,4
0VuhdSYkAOmhASbt5vnkdO,"Go Your Own Way","To The Faithful Departed (The Complete Sessions 1996-1997)","The Cranberries",1996-04-30,241960,48,11146410335,2025-01-09T22:41:37Z,"irish rock,pop rock,rock","Island Records",0.466,0.943,5,-3.898,1,0.0436,0.00106,0.0000371,0.0928,0.677,138.532,4
6jEcFhllWB0clBHFylomJZ,"You And Me","Bury The Hatchet","The Cranberries",1999-04-19,215533,50,11146410335,2025-01-09T22:41:37Z,"irish rock,pop rock,rock","Island Records",0.496,0.749,0,-7.042,0,0.0278,0.248,0,0.218,0.663,96.15,4
0gEyKnHvgkrkBM6fbeHdwK,"Linger","Everybody Else Is Doing It, So Why Can't We?","The Cranberries",1993-03-01,274706,82,11146410335,2025-01-09T22:41:37Z,"irish rock,pop rock,rock","Island Records",0.439,0.434,7,-14.918,1,0.0265,0.0783,0.0000518,0.14,0.204,94.843,4
7wTXoVGiDC9jS0oxdfwLKv,"Black Leaves","Black Leaves","KIRBY",2022-01-06,104280,67,11146410335,2025-01-09T22:41:37Z,"alternative r&b,indie triste","KIRBY",0.66,0.254,5,-9.643,0,0.0454,0.783,0,0.362,0.393,136.186,4
4IU1RL4BKvFyXtbTwaHAvW,"Ventura Highway","Homecoming","America,George Martin",1972-01-01,211680,72,11146410335,2025-01-09T22:41:37Z,"album rock,classic rock,folk rock,mellow gold,soft rock,beatlesque","Warner Records",0.611,0.761,2,-5.929,1,0.0283,0.104,0.0002,0.122,0.838,130.705,4
32izRgKUEaC6AaF1cr7UgB,"The End of the World","Am I That Easy to Forget","Skeeter Davis",2019-07-24,158693,47,11146410335,2025-01-09T22:41:37Z,"nashville sound","Big Buzz Productions",0.27,0.189,10,-12.005,1,0.0299,0.966,0.00000553,0.199,0.403,81.536,4
6oMZhY0f1ReI6AJDDYfuSb,"500 Miles","Peter, Paul and Mary","Peter, Paul and Mary",1962-05-01,162933,50,11146410335,2025-01-09T22:41:37Z,"american folk revival,folk,folk rock,mellow gold,singer-songwriter,soft rock","Warner Records",0.436,0.0695,7,-19.735,1,0.0298,0.858,0,0.107,0.255,97.128,4
5e9TFTbltYBg2xThimr0rU,"The Chain - 2004 Remaster","Rumours (Super Deluxe)","Fleetwood Mac",1977-02-04,270213,80,11146410335,2025-01-09T22:41:37Z,"album rock,classic rock,rock,soft rock,yacht rock","Rhino/Warner Records",0.545,0.67,9,-8.81,1,0.0496,0.009,0.000822,0.0451,0.481,151.553,4
7Cwhlma0JgRVhDHR5CftD5,"She's A Rainbow","Forty Licks","The Rolling Stones",2023-07-26,253075,58,11146410335,2025-01-09T22:41:37Z,"album rock,british invasion,classic rock,rock","Polydor Records",0.48,0.823,10,-7.325,1,0.036,0.468,0.0275,0.139,0.54,109.158,4
1UKobFsdqNXQb8OthimCKe,"Helplessly Hoping - 2005 Remaster","Crosby, Stills & Nash","Crosby, Stills & Nash",1969-05-29,157893,65,11146410335,2025-01-09T22:41:37Z,"album rock,classic rock,country rock,folk,folk rock,mellow gold,rock,soft rock","Rhino Atlantic",0.483,0.159,7,-13.648,1,0.0353,0.914,0,0.111,0.423,146.721,4
6ToM0uwxtPKo9CMpbPGYvM,"Break on Through (To the Other Side)","The Doors","The Doors",1967-01-04,145866,70,11146410335,2025-01-09T22:41:37Z,"acid rock,album rock,classic rock,hard rock,psychedelic rock,rock","Rhino/Elektra",0.421,0.751,9,-9.584,1,0.0472,0.2,0,0.17,0.789,89.839,4
4PINSJIlBWsnVeveicq1S8,"I'll Be Your Mirror","The Velvet Underground & Nico 45th Anniversary","The Velvet Underground,Nico",1967-03-12,134040,59,11146410335,2025-01-09T22:41:37Z,"alternative rock,melancholia,permanent wave,protopunk,rock,experimental,singer-songwriter","Polydor",0.609,0.295,7,-14.934,1,0.0328,0.178,0.00000186,0.0859,0.279,108.976,4
7AL6qzIDHIX7pEUWrzNiIs,"Hurdy Gurdy Man","The Hurdy Gurdy Man","Donovan",1968-10,193466,51,11146410335,2025-01-09T22:41:37Z,"british folk,british invasion,classic rock,folk,folk rock,glam rock,psychedelic folk,psychedelic rock,scottish singer-songwriter,singer-songwriter","Epic",0.405,0.463,0,-16.167,1,0.0542,0.00379,0.0442,0.392,0.542,79.451,4
2VDkE9sdVpQAgEqH5fvTMV,"An American Prayer","An American Prayer","Jim Morrison,Music By The Doors",1978,184400,47,11146410335,2025-01-09T22:41:37Z,"album rock,classic rock,psychedelic rock,rock","Rhino/Elektra",0.704,0.427,7,-15.091,1,0.0606,0.411,0.0247,0.233,0.774,110.389,4
5QUeSXjTMHbq1fW5da2waF,"Place To Be","Pink Moon","Nick Drake",1972-02-25,160925,61,11146410335,2025-01-09T22:41:37Z,"british folk,folk,melancholia,singer-songwriter","UMC (Universal Music Catalogue)",0.547,0.38,5,-9.521,1,0.0282,0.865,0.152,0.107,0.395,83.579,4
1y4fbtHSJLqpaQXduQw88e,"Walkin’ Back to Georgia","You Don't Mess Around With Jim","Jim Croce",1972-04-01,171853,69,11146410335,2025-01-09T22:41:37Z,"classic rock,country rock,folk,folk rock,mellow gold,singer-songwriter,soft rock","R2M",0.681,0.312,6,-16.173,0,0.0452,0.816,0.000619,0.0935,0.789,128.094,4
6L5BZEcZmD6RBJnimzlyKr,"Nights In White Satin - Single Version / Mono","Days Of Future Passed (Deluxe Version)","The Moody Blues",1967-11-10,269106,63,11146410335,2025-01-09T22:41:37Z,"album rock,art rock,british invasion,classic rock,country rock,flute rock,folk rock,mellow gold,progressive rock,rock,singer-songwriter,soft rock,symphonic rock","UMC (Universal Music Catalogue)",0.195,0.483,4,-4.991,0,0.03,0.465,0.497,0.0686,0.173,84.71,4
19Shlms2uTnOjIUg50TXzd,"Never Going Back Again - 2004 Remaster","Rumours (Super Deluxe)","Fleetwood Mac",1977-02-04,134400,70,11146410335,2025-01-09T22:41:37Z,"album rock,classic rock,rock,soft rock,yacht rock","Rhino/Warner Records",0.654,0.336,6,-12.825,1,0.0379,0.858,0.385,0.0786,0.947,176.083,4
4zuHizF9ydEXDaAtwU2eAK,"On the Road Again","On the Road Again","Canned Heat",2003,202840,59,11146410335,2025-01-09T22:41:37Z,"blues,blues rock,classic rock,country rock,electric blues,folk rock,psychedelic rock,traditional blues","SPS",0.388,0.278,9,-14.59,1,0.0421,0.91,0.246,0.304,0.179,127.956,4
2kyVQg00pphEufGT59M2XH,"(They Long To Be) Close To You","Close To You","Carpenters",1970-01-01,273933,67,11146410335,2025-01-09T22:41:37Z,"adult standards,mellow gold,soft rock","UMC (Universal Music Catalogue)",0.528,0.233,8,-15.362,1,0.0346,0.726,0.000108,0.122,0.208,89.044,4
4nLZhCmYLNN4rAHdXomhjp,"Phantom Island","Phantom Island","King Gizzard & The Lizard Wizard",2024-10-29,316137,50,11146410335,2025-01-09T22:41:37Z,"australian psych,double drumming,microtonal,neo-psychedelic","KGLW (King Gizzard & the Lizard Wizard)",0.265,0.931,3,-4.347,1,0.415,0.48,0,0.104,0.394,104.158,4
2fSYadDsbWMtIVqX7flKIc,"Redneck Stomp","Frozen In Time","Obituary",2005-07-11,212840,49,11146410335,2025-01-09T22:41:37Z,"death metal,florida death metal,groove metal,metal","Roadrunner Records",0.245,0.861,2,-8.728,1,0.0415,0.000256,0.871,0.216,0.483,91.056,4
03sEzk1VyrUZSgyhoQR0LZ,"Pneuma","Fear Inoculum","TOOL",2019-08-30,713191,63,11146410335,2025-01-09T22:41:37Z,"alternative metal,art rock,nu metal,post-grunge,progressive metal,progressive rock,rock","RCA Records Label",0.415,0.53,9,-9.338,0,0.0314,0.00209,0.75,0.11,0.0586,114.174,1
3IvTwPCCjfZczCN2k4qPiH,"Dirty Work","Can't Buy A Thrill","Steely Dan",1972-11-01,190065,68,11146410335,2025-01-09T22:41:37Z,"album rock,classic rock,country rock,folk rock,mellow gold,rock,soft rock,yacht rock","Geffen",0.582,0.214,1,-17.83,1,0.0315,0.767,0.00000207,0.122,0.515,72.794,4
1JO1xLtVc8mWhIoE3YaCL0,"Happy Together","Happy Together","The Turtles",1967,176293,73,11146410335,2025-01-09T22:41:37Z,"bubblegum pop,classic rock,folk rock,merseybeat,psychedelic rock,rock-and-roll,rockabilly","Flo & Eddie, Inc.",0.584,0.367,6,-9.638,0,0.0328,0.55,0.0000138,0.0818,0.588,120.175,4
6s6jmTumtDJGOB725jMJ8z,"She's Not There","Begin Here","The Zombies",1965-04-30,146360,62,11146410335,2025-01-09T22:41:37Z,"baroque pop,british invasion,classic rock,folk rock,psychedelic rock","Zombies Partners",0.533,0.729,4,-6.976,0,0.046,0.593,0,0.0981,0.905,132.286,4
54eZmuggBFJbV7k248bTTt,"A Horse with No Name","America","America,George Martin",1972,252239,77,11146410335,2025-01-09T22:41:37Z,"album rock,classic rock,folk rock,mellow gold,soft rock,beatlesque","Warner Records",0.653,0.507,11,-17.18,0,0.0534,0.687,0.0147,0.155,0.831,123.188,4
7uWFUpGuEfmxYeymkV95jn,"Time in a Bottle","You Don't Mess Around With Jim","Jim Croce",1972-04-01,148586,74,11146410335,2025-01-09T22:41:37Z,"classic rock,country rock,folk,folk rock,mellow gold,singer-songwriter,soft rock","R2M",0.533,0.157,2,-16.838,1,0.0374,0.888,0,0.108,0.587,134.019,3
1Jmqubf9kGkWeYQXQKImL5,"People Are Strange","Strange Days","The Doors",1967-09-25,130173,73,11146410335,2025-01-09T22:41:37Z,"acid rock,album rock,classic rock,hard rock,psychedelic rock,rock","Rhino/Elektra",0.699,0.467,4,-8.578,0,0.0375,0.685,0,0.315,0.764,119.287,4
06WUUNf7q18NZfjIsQFsfa,"Delusions of Saviour","Repentless","Slayer",2015-09-11,115413,70,11146410335,2025-01-09T22:41:37Z,"alternative metal,death metal,groove metal,hard rock,metal,old school thrash,rock,speed metal,thrash metal","Nuclear Blast",0.223,0.805,8,-8.969,1,0.037,0.000179,0.814,0.0849,0.25,168.165,4
5BBK1WoaiD3b3sJ2UysLuM,"Witches","Witches","Alice Phoebe Lou",2020-03-13,195078,64,11146410335,2025-01-09T22:41:37Z,"south african alternative","Alice Phoebe Lou",0.576,0.719,8,-5.749,1,0.0584,0.0296,0.00000495,0.169,0.73,73.122,4
135ArLV1euyyeegU9D8HVR,"Army Dreamers - 2018 Remaster","Never for Ever (2018 Remaster)","Kate Bush",1980-09-07,179160,70,11146410335,2025-01-09T22:41:37Z,"art pop,art rock,baroque pop,new wave pop,permanent wave,piano rock,singer-songwriter","Rhino",0.696,0.11,4,-18.622,0,0.0593,0.741,0.0000364,0.0635,0.344,143.487,3
13TryBWhlKhLtzivqudzbn,"Break for Lovers","Headroom","Men I Trust,Helena Deland",2015-06-30,183673,43,11146410335,2025-01-09T22:41:37Z,"indie pop,pov: indie,indie quebecois","Men I Trust",0.858,0.326,11,-11.496,0,0.0784,0.0277,0.0614,0.0798,0.813,97.995,4
4Uq29mQVCQ8Oi1ZAK10i3s,"Well, You Can Do It Without Me","Fear Fun","Father John Misty",2012-05-01,163253,53,11146410335,2025-01-09T22:41:37Z,"art pop,chamber pop,indie rock,singer-songwriter,stomp and holler","Sub Pop Records",0.832,0.516,0,-7.111,0,0.0299,0.259,0.0000223,0.0909,0.637,105.071,4
2LD2gT7gwAurzdQDQtILds,"Veridis Quo","Discovery","Daft Punk",2001-03-12,345186,71,11146410335,2025-01-09T22:41:37Z,"electro,filter house,rock","Daft Life Ltd./ADA France",0.605,0.687,9,-13.928,0,0.045,0.479,0.949,0.104,0.12,106.896,4
3y1EzRl5UEQxxd1f6Bv2aN,"When I'm Small","Eyelid Movies","Phantogram",2010,249066,62,11146410335,2025-01-09T22:41:37Z,"indietronica,metropopolis,neo-synthpop","Barsuk Records",0.646,0.759,10,-4.34,1,0.0314,0.189,0.0977,0.103,0.423,91.999,4
